,player_links
0,https://www.fotmob.com/en-GB/players/933768/curtis-jones
1,https://www.fotmob.com/en-GB/players/1107620/jarell-quansah
2,https://www.fotmob.com/en-GB/players/202643/wataru-endo
3,https://www.fotmob.com/en-GB/players/860914/luis-diaz
4,https://www.fotmob.com/en-GB/players/292462/mohamed-salah
5,https://www.fotmob.com/en-GB/players/1113724/tyler-morton
6,https://www.fotmob.com/en-GB/players/671529/konstantinos-tsimikas
7,https://www.fotmob.com/en-GB/players/950561/darwin-nunez
8,https://www.fotmob.com/en-GB/players/26630/arne-slot
9,https://www.fotmob.com/en-GB/players/568571/joseph-gomez
10,https://www.fotmob.com/en-GB/players/1068920/vitezslav-jaros
11,https://www.fotmob.com/en-GB/players/570461/diogo-jota
12,https://www.fotmob.com/en-GB/players/209405/virgil-van-dijk
13,https://www.fotmob.com/en-GB/players/956683/ryan-gravenberch
14,https://www.fotmob.com/en-GB/players/806552/cody-gakpo
15,https://www.fotmob.com/en-GB/players/784510/federico-chiesa
16,https://www.fotmob.com/en-GB/players/776689/caoimhin-kelleher
17,https://www.fotmob.com/en-GB/players/831489/alexis-mac-allister
18,https://www.fotmob.com/en-GB/players/1113690/conor-bradley
19,https://www.fotmob.com/en-GB/players/1236818/harvey-davies
20,https://www.fotmob.com/en-GB/players/846005/dominik-szoboszlai
21,https://www.fotmob.com/en-GB/players/963964/harvey-elliott
22,https://www.fotmob.com/en-GB/players/357880/andrew-robertson
23,https://www.fotmob.com/en-GB/players/760712/trent-alexander-arnold
24,https://www.fotmob.com/en-GB/players/319784/alisson-becker
25,https://www.fotmob.com/en-GB/players/820140/ibrahima-konate
26,https://www.fotmob.com/en-GB/players/1021586/gabriel-martinelli
27,https://www.fotmob.com/en-GB/players/623621/oleksandr-zinchenko
28,https://www.fotmob.com/en-GB/players/1243239/tommy-setford
29,https://www.fotmob.com/en-GB/players/749736/kai-havertz
30,https://www.fotmob.com/en-GB/players/318615/leandro-trossard
31,https://www.fotmob.com/en-GB/players/534670/martin-odegaard
32,https://www.fotmob.com/en-GB/players/1406436/myles-lewis-skelly
33,https://www.fotmob.com/en-GB/players/282775/jorginho
34,https://www.fotmob.com/en-GB/players/582499/kieran-tierney
35,https://www.fotmob.com/en-GB/players/576165/gabriel-jesus
36,https://www.fotmob.com/en-GB/players/1021834/jakub-kiwior
37,https://www.fotmob.com/en-GB/players/562727/david-raya
38,https://www.fotmob.com/en-GB/players/654096/declan-rice
39,https://www.fotmob.com/en-GB/players/795179/gabriel
40,https://www.fotmob.com/en-GB/players/942381/jurrien-timber
41,https://www.fotmob.com/en-GB/players/776151/ben-white
42,https://www.fotmob.com/en-GB/players/246575/raheem-sterling
43,https://www.fotmob.com/en-GB/players/961995/bukayo-saka
44,https://www.fotmob.com/en-GB/players/664444/takehiro-tomiyasu
45,https://www.fotmob.com/en-GB/players/434325/thomas-partey
46,https://www.fotmob.com/en-GB/players/1105912/riccardo-calafiori
47,https://www.fotmob.com/en-GB/players/24011/mikel-arteta
48,https://www.fotmob.com/en-GB/players/176186/neto
49,https://www.fotmob.com/en-GB/players/955406/william-saliba
50,https://www.fotmob.com/en-GB/players/574645/mikel-merino
51,https://www.fotmob.com/en-GB/players/1254234/ethan-nwaneri
52,https://www.fotmob.com/en-GB/players/827315/nicolas-dominguez
53,https://www.fotmob.com/en-GB/players/789502/morgan-gibbs-white
54,https://www.fotmob.com/en-GB/players/1050166/anthony-elanga
55,https://www.fotmob.com/en-GB/players/1487909/eric-da-silva-moreira
56,https://www.fotmob.com/en-GB/players/181069/matz-sels
57,https://www.fotmob.com/en-GB/players/36283/wayne-hennessey
58,https://www.fotmob.com/en-GB/players/1132960/ramon-sosa
59,https://www.fotmob.com/en-GB/players/775614/ryan-yates
60,https://www.fotmob.com/en-GB/players/1043826/carlos-miguel
61,https://www.fotmob.com/en-GB/players/795371/ibrahim-sangare
62,https://www.fotmob.com/en-GB/players/169719/chris-wood
63,https://www.fotmob.com/en-GB/players/846383/callum-hudson-odoi
64,https://www.fotmob.com/en-GB/players/1089691/elliot-anderson
65,https://www.fotmob.com/en-GB/players/643717/taiwo-awoniyi
66,https://www.fotmob.com/en-GB/players/575804/harry-toffolo
67,https://www.fotmob.com/en-GB/players/1181700/danilo
68,https://www.fotmob.com/en-GB/players/1114798/jota-silva
69,https://www.fotmob.com/en-GB/players/25941/nuno-espirito-santo
70,https://www.fotmob.com/en-GB/players/682548/ola-aina
71,https://www.fotmob.com/en-GB/players/1053838/morato
72,https://www.fotmob.com/en-GB/players/246331/willy-boly
73,https://www.fotmob.com/en-GB/players/766611/nikola-milenkovic
74,https://www.fotmob.com/en-GB/players/477588/alex-moreno
75,https://www.fotmob.com/en-GB/players/1078788/neco-williams
76,https://www.fotmob.com/en-GB/players/1288332/joel-ndala
77,https://www.fotmob.com/en-GB/players/1458711/murillo
78,https://www.fotmob.com/en-GB/players/1258092/william-osula
79,https://www.fotmob.com/en-GB/players/535936/joelinton
80,https://www.fotmob.com/en-GB/players/850354/bruno-guimaraes
81,https://www.fotmob.com/en-GB/players/304355/odisseas-vlachodimos
82,https://www.fotmob.com/en-GB/players/40602/john-ruddy
83,https://www.fotmob.com/en-GB/players/1296763/lewis-miley
84,https://www.fotmob.com/en-GB/players/279489/jamaal-lascelles
85,https://www.fotmob.com/en-GB/players/280484/nick-pope
86,https://www.fotmob.com/en-GB/players/23630/eddie-howe
87,https://www.fotmob.com/en-GB/players/1474503/trevan-sanusi
88,https://www.fotmob.com/en-GB/players/521148/jacob-murphy
89,https://www.fotmob.com/en-GB/players/820024/sean-longstaff
90,https://www.fotmob.com/en-GB/players/259306/emil-krafth
91,https://www.fotmob.com/en-GB/players/860975/joseph-willock
92,https://www.fotmob.com/en-GB/players/188058/daniel-burn
93,https://www.fotmob.com/en-GB/players/72241/martin-dubravka
94,https://www.fotmob.com/en-GB/players/1107910/valentino-livramento
95,https://www.fotmob.com/en-GB/players/956682/sven-botman
96,https://www.fotmob.com/en-GB/players/189982/fabian-schar
97,https://www.fotmob.com/en-GB/players/191869/kieran-trippier
98,https://www.fotmob.com/en-GB/players/1197655/lewis-hall
99,https://www.fotmob.com/en-GB/players/867414/sandro-tonali
100,https://www.fotmob.com/en-GB/players/184321/callum-wilson
101,https://www.fotmob.com/en-GB/players/690107/alexander-isak
102,https://www.fotmob.com/en-GB/players/195668/mark-gillespie
103,https://www.fotmob.com/en-GB/players/1324022/garang-kuol
104,https://www.fotmob.com/en-GB/players/906937/anthony-gordon
105,https://www.fotmob.com/en-GB/players/538112/matt-targett
106,https://www.fotmob.com/en-GB/players/864983/jamal-lewis
107,https://www.fotmob.com/en-GB/players/760359/harvey-barnes
108,https://www.fotmob.com/en-GB/players/239219/mateo-kovacic
109,https://www.fotmob.com/en-GB/players/263653/john-stones
110,https://www.fotmob.com/en-GB/players/1113790/oscar-bobb
111,https://www.fotmob.com/en-GB/players/488139/bernardo-silva
112,https://www.fotmob.com/en-GB/players/614006/ruben-dias
113,https://www.fotmob.com/en-GB/players/1174337/savinho
114,https://www.fotmob.com/en-GB/players/1288450/rico-lewis
115,https://www.fotmob.com/en-GB/players/36373/scott-carson
116,https://www.fotmob.com/en-GB/players/955529/matheus-nunes
117,https://www.fotmob.com/en-GB/players/1300526/nico-oreilly
118,https://www.fotmob.com/en-GB/players/1280132/nico-gonzalez
119,https://www.fotmob.com/en-GB/players/942368/jeremy-doku
120,https://www.fotmob.com/en-GB/players/1463271/jahmai-simpson-pusey
121,https://www.fotmob.com/en-GB/players/276729/stefan-ortega
122,https://www.fotmob.com/en-GB/players/521318/manuel-akanji
123,https://www.fotmob.com/en-GB/players/737066/erling-haaland
124,https://www.fotmob.com/en-GB/players/1362998/abdukodir-khusanov
125,https://www.fotmob.com/en-GB/players/1486264/claudio-echeverri
126,https://www.fotmob.com/en-GB/players/1107648/james-mcatee
127,https://www.fotmob.com/en-GB/players/815006/phil-foden
128,https://www.fotmob.com/en-GB/players/178818/ilkay-gundogan
129,https://www.fotmob.com/en-GB/players/169200/kevin-de-bruyne
130,https://www.fotmob.com/en-GB/players/1339595/christian-mcfarlane
131,https://www.fotmob.com/en-GB/players/1580952/vitor-reis
132,https://www.fotmob.com/en-GB/players/363364/ederson-moraes
133,https://www.fotmob.com/en-GB/players/675088/rodri
134,https://www.fotmob.com/en-GB/players/417068/nathan-ake
135,https://www.fotmob.com/en-GB/players/839204/omar-marmoush
136,https://www.fotmob.com/en-GB/players/1070712/josko-gvardiol
137,https://www.fotmob.com/en-GB/players/312765/jack-grealish
138,https://www.fotmob.com/en-GB/players/41636/pep-guardiola
139,https://www.fotmob.com/en-GB/players/1315477/omari-kellyman
140,https://www.fotmob.com/en-GB/players/1137705/enzo-fernandez
141,https://www.fotmob.com/en-GB/players/886016/kiernan-dewsbury-hall
142,https://www.fotmob.com/en-GB/players/1190867/romeo-lavia
143,https://www.fotmob.com/en-GB/players/1581053/mathis-amougou
144,https://www.fotmob.com/en-GB/players/704523/christopher-nkunku
145,https://www.fotmob.com/en-GB/players/1031220/gabriel-slonina
146,https://www.fotmob.com/en-GB/players/1200984/filip-jorgensen
147,https://www.fotmob.com/en-GB/players/1412137/marc-guiu
148,https://www.fotmob.com/en-GB/players/789571/robert-sanchez
149,https://www.fotmob.com/en-GB/players/955376/benoit-badiashile
150,https://www.fotmob.com/en-GB/players/1197347/nicolas-jackson
151,https://www.fotmob.com/en-GB/players/1084981/noni-madueke
152,https://www.fotmob.com/en-GB/players/976506/mykhaylo-mudryk
153,https://www.fotmob.com/en-GB/players/1207581/david-datro-fofana
154,https://www.fotmob.com/en-GB/players/846381/jadon-sancho
155,https://www.fotmob.com/en-GB/players/1096353/cole-palmer
156,https://www.fotmob.com/en-GB/players/873289/marc-cucurella
157,https://www.fotmob.com/en-GB/players/1137668/moises-caicedo
158,https://www.fotmob.com/en-GB/players/917802/wesley-fofana
159,https://www.fotmob.com/en-GB/players/807729/reece-james
160,https://www.fotmob.com/en-GB/players/1346113/shumaira-mheuka
161,https://www.fotmob.com/en-GB/players/793907/trevoh-chalobah
162,https://www.fotmob.com/en-GB/players/1424875/tyrique-george
163,https://www.fotmob.com/en-GB/players/1494947/aaron-anselmino
164,https://www.fotmob.com/en-GB/players/34000/enzo-maresca
165,https://www.fotmob.com/en-GB/players/683402/tosin-adarabioyo
166,https://www.fotmob.com/en-GB/players/1400216/josh-acheampong
167,https://www.fotmob.com/en-GB/players/1096396/lucas-bergstrom
168,https://www.fotmob.com/en-GB/players/1096400/levi-colwill
169,https://www.fotmob.com/en-GB/players/1197250/malo-gusto
170,https://www.fotmob.com/en-GB/players/363357/marcus-bettinelli
171,https://www.fotmob.com/en-GB/players/843040/pedro-neto
172,https://www.fotmob.com/en-GB/players/498033/marco-asensio
173,https://www.fotmob.com/en-GB/players/696646/axel-disasi
174,https://www.fotmob.com/en-GB/players/364549/kortney-hause
175,https://www.fotmob.com/en-GB/players/1021929/jacob-ramsey
176,https://www.fotmob.com/en-GB/players/268375/emiliano-martinez
177,https://www.fotmob.com/en-GB/players/966026/ian-maatsen
178,https://www.fotmob.com/en-GB/players/1639163/bradley-burrowes
179,https://www.fotmob.com/en-GB/players/710159/ezri-konsa
180,https://www.fotmob.com/en-GB/players/1190033/lamare-bogarde
181,https://www.fotmob.com/en-GB/players/356406/john-mcginn
182,https://www.fotmob.com/en-GB/players/215384/ross-barkley
183,https://www.fotmob.com/en-GB/players/1557236/jamaldeen-jimoh
184,https://www.fotmob.com/en-GB/players/660301/donyell-malen
185,https://www.fotmob.com/en-GB/players/1430406/andres-garcia
186,https://www.fotmob.com/en-GB/players/96940/unai-emery
187,https://www.fotmob.com/en-GB/players/540088/ollie-watkins
188,https://www.fotmob.com/en-GB/players/816325/boubacar-kamara
189,https://www.fotmob.com/en-GB/players/792645/pau-torres
190,https://www.fotmob.com/en-GB/players/210111/lucas-digne
191,https://www.fotmob.com/en-GB/players/671331/leon-bailey
192,https://www.fotmob.com/en-GB/players/120569/robin-olsen
193,https://www.fotmob.com/en-GB/players/696365/marcus-rashford
194,https://www.fotmob.com/en-GB/players/729731/matty-cash
195,https://www.fotmob.com/en-GB/players/465960/youri-tielemans
196,https://www.fotmob.com/en-GB/players/883080/morgan-rogers
197,https://www.fotmob.com/en-GB/players/419664/tyrone-mings
198,https://www.fotmob.com/en-GB/players/1185748/amadou-onana
199,https://www.fotmob.com/en-GB/players/1253827/daniel-jebbison
200,https://www.fotmob.com/en-GB/players/1096635/will-dennis
201,https://www.fotmob.com/en-GB/players/1367619/dean-huijsen
202,https://www.fotmob.com/en-GB/players/160447/adam-smith
203,https://www.fotmob.com/en-GB/players/464486/enes-unal
204,https://www.fotmob.com/en-GB/players/1697214/ben-winterburn
205,https://www.fotmob.com/en-GB/players/1098096/evanilson
206,https://www.fotmob.com/en-GB/players/1250253/dango-ouattara
207,https://www.fotmob.com/en-GB/players/933576/antoine-semenyo
208,https://www.fotmob.com/en-GB/players/1027447/julian-araujo
209,https://www.fotmob.com/en-GB/players/33025/andoni-iraola
210,https://www.fotmob.com/en-GB/players/317564/kepa-arrizabalaga
211,https://www.fotmob.com/en-GB/players/794253/justin-kluivert
212,https://www.fotmob.com/en-GB/players/1347568/matai-akinmboni
213,https://www.fotmob.com/en-GB/players/1358655/julio-soler
214,https://www.fotmob.com/en-GB/players/439369/ryan-christie
215,https://www.fotmob.com/en-GB/players/789630/marcus-tavernier
216,https://www.fotmob.com/en-GB/players/1195281/milos-kerkez
217,https://www.fotmob.com/en-GB/players/959407/james-hill
218,https://www.fotmob.com/en-GB/players/846369/luis-sinisterra
219,https://www.fotmob.com/en-GB/players/562724/lewis-cook
220,https://www.fotmob.com/en-GB/players/729769/tyler-adams
221,https://www.fotmob.com/en-GB/players/1233655/alex-scott
222,https://www.fotmob.com/en-GB/players/785411/marcos-senesi
223,https://www.fotmob.com/en-GB/players/1140003/illia-zabarnyi
224,https://www.fotmob.com/en-GB/players/1290411/zain-silcott-duberry
225,https://www.fotmob.com/en-GB/players/1702426/remy-rees-dottin
226,https://www.fotmob.com/en-GB/players/1432570/michael-dacosta
227,https://www.fotmob.com/en-GB/players/674014/david-brooks
228,https://www.fotmob.com/en-GB/players/575779/andreas-pereira
229,https://www.fotmob.com/en-GB/players/604785/alex-iwobi
230,https://www.fotmob.com/en-GB/players/493647/adama-traore
231,https://www.fotmob.com/en-GB/players/215168/bernd-leno
232,https://www.fotmob.com/en-GB/players/1128945/rodrigo-muniz
233,https://www.fotmob.com/en-GB/players/696443/issa-diop
234,https://www.fotmob.com/en-GB/players/502420/harrison-reed
235,https://www.fotmob.com/en-GB/players/887969/steven-andreas-benda
236,https://www.fotmob.com/en-GB/players/773991/ryan-sessegnon
237,https://www.fotmob.com/en-GB/players/821728/jorge-cuenca
238,https://www.fotmob.com/en-GB/players/164124/marco-silva
239,https://www.fotmob.com/en-GB/players/1422593/joshua-king
240,https://www.fotmob.com/en-GB/players/877401/calvin-bassey
241,https://www.fotmob.com/en-GB/players/94086/willian
242,https://www.fotmob.com/en-GB/players/866201/carlos-vinicius
243,https://www.fotmob.com/en-GB/players/292313/raul-jimenez
244,https://www.fotmob.com/en-GB/players/182962/tom-cairney
245,https://www.fotmob.com/en-GB/players/889534/emile-smith-rowe
246,https://www.fotmob.com/en-GB/players/556972/sasa-lukic
247,https://www.fotmob.com/en-GB/players/503659/joachim-andersen
248,https://www.fotmob.com/en-GB/players/469804/kenny-tete
249,https://www.fotmob.com/en-GB/players/494417/harry-wilson
250,https://www.fotmob.com/en-GB/players/540963/sander-berge
251,https://www.fotmob.com/en-GB/players/465750/timothy-castagne
252,https://www.fotmob.com/en-GB/players/662428/antonee-robinson
253,https://www.fotmob.com/en-GB/players/748382/reiss-nelson
254,https://www.fotmob.com/en-GB/players/1227012/simon-adingra
255,https://www.fotmob.com/en-GB/players/1251334/jack-hinshelwood
256,https://www.fotmob.com/en-GB/players/416850/solly-march
257,https://www.fotmob.com/en-GB/players/304455/joel-veltman
258,https://www.fotmob.com/en-GB/players/303346/adam-webster
259,https://www.fotmob.com/en-GB/players/862608/kaoru-mitoma
260,https://www.fotmob.com/en-GB/players/866686/matthew-oriley
261,https://www.fotmob.com/en-GB/players/768331/igor
262,https://www.fotmob.com/en-GB/players/1386101/adrian-mazilu
263,https://www.fotmob.com/en-GB/players/1131987/bart-verbruggen
264,https://www.fotmob.com/en-GB/players/1187236/carl-rushworth
265,https://www.fotmob.com/en-GB/players/1168311/yasin-ayari
266,https://www.fotmob.com/en-GB/players/1354561/diego-gomez
267,https://www.fotmob.com/en-GB/players/970243/mats-wieffer
268,https://www.fotmob.com/en-GB/players/208516/fabian-hurzeler
269,https://www.fotmob.com/en-GB/players/956925/georginio-rutter
270,https://www.fotmob.com/en-GB/players/1127305/eiran-cashin
271,https://www.fotmob.com/en-GB/players/201690/lewis-dunk
272,https://www.fotmob.com/en-GB/players/1400227/yankuba-minteh
273,https://www.fotmob.com/en-GB/players/1430151/brajan-gruda
274,https://www.fotmob.com/en-GB/players/955139/tariq-lamptey
275,https://www.fotmob.com/en-GB/players/113836/danny-welbeck
276,https://www.fotmob.com/en-GB/players/815080/thomas-mcgill
277,https://www.fotmob.com/en-GB/players/688278/pervis-estupinan
278,https://www.fotmob.com/en-GB/players/38807/james-milner
279,https://www.fotmob.com/en-GB/players/774448/ferdi-kadioglu
280,https://www.fotmob.com/en-GB/players/107917/jason-steele
281,https://www.fotmob.com/en-GB/players/1021382/joao-pedro
282,https://www.fotmob.com/en-GB/players/1352713/carlos-baleba
283,https://www.fotmob.com/en-GB/players/974618/jan-paul-van-hecke
284,https://www.fotmob.com/en-GB/players/1002039/aaron-hickey
285,https://www.fotmob.com/en-GB/players/961306/nathan-collins
286,https://www.fotmob.com/en-GB/players/1083796/kevin-schade
287,https://www.fotmob.com/en-GB/players/266520/christian-norgaard
288,https://www.fotmob.com/en-GB/players/688273/vitaly-janelt
289,https://www.fotmob.com/en-GB/players/562892/rico-henry
290,https://www.fotmob.com/en-GB/players/1010426/keane-lewis-potter
291,https://www.fotmob.com/en-GB/players/1341538/ji-soo-kim
292,https://www.fotmob.com/en-GB/players/963965/fabio-carvalho
293,https://www.fotmob.com/en-GB/players/919435/sepp-van-den-berg
294,https://www.fotmob.com/en-GB/players/1157236/yegor-yarmolyuk
295,https://www.fotmob.com/en-GB/players/552718/kristoffer-vassbakk-ajer
296,https://www.fotmob.com/en-GB/players/759566/joshua-dasilva
297,https://www.fotmob.com/en-GB/players/711357/ethan-pinnock
298,https://www.fotmob.com/en-GB/players/666857/yoane-wissa
299,https://www.fotmob.com/en-GB/players/1302005/thiago-rodrigues
300,https://www.fotmob.com/en-GB/players/850962/hakon-rafn-valdimarsson
301,https://www.fotmob.com/en-GB/players/886150/edmond-paris-maghoma
302,https://www.fotmob.com/en-GB/players/650616/mathias-jensen
303,https://www.fotmob.com/en-GB/players/923312/bryan-mbeumo
304,https://www.fotmob.com/en-GB/players/330643/mark-flekken
305,https://www.fotmob.com/en-GB/players/888912/mikkel-damsgaard
306,https://www.fotmob.com/en-GB/players/1429912/michael-kayode
307,https://www.fotmob.com/en-GB/players/11238/thomas-frank
308,https://www.fotmob.com/en-GB/players/240538/ben-mee
309,https://www.fotmob.com/en-GB/players/1516030/gustavo-gomes
310,https://www.fotmob.com/en-GB/players/1524063/yunus-emre-konak
311,https://www.fotmob.com/en-GB/players/1308370/malcolm-ebiowei
312,https://www.fotmob.com/en-GB/players/1428401/romain-esse
313,https://www.fotmob.com/en-GB/players/621515/daichi-kamada
314,https://www.fotmob.com/en-GB/players/844425/marc-guehi
315,https://www.fotmob.com/en-GB/players/1296650/adam-wharton
316,https://www.fotmob.com/en-GB/players/1437781/franco-umeh-chibueze
317,https://www.fotmob.com/en-GB/players/729988/matt-turner
318,https://www.fotmob.com/en-GB/players/997557/louie-moulden
319,https://www.fotmob.com/en-GB/players/859282/daniel-munoz
320,https://www.fotmob.com/en-GB/players/157838/nathaniel-clyne
321,https://www.fotmob.com/en-GB/players/1187506/chadi-riad
322,https://www.fotmob.com/en-GB/players/1120224/tyrick-mitchell
323,https://www.fotmob.com/en-GB/players/1316124/matheus-franca
324,https://www.fotmob.com/en-GB/players/719330/dean-henderson
325,https://www.fotmob.com/en-GB/players/950829/chris-richards
326,https://www.fotmob.com/en-GB/players/771294/ismaila-sarr
327,https://www.fotmob.com/en-GB/players/818975/eberechi-eze
328,https://www.fotmob.com/en-GB/players/43009/oliver-glasner
329,https://www.fotmob.com/en-GB/players/1418099/caleb-kporha
330,https://www.fotmob.com/en-GB/players/562726/remi-matthews
331,https://www.fotmob.com/en-GB/players/466672/jefferson-lerma
332,https://www.fotmob.com/en-GB/players/860920/edward-nketiah
333,https://www.fotmob.com/en-GB/players/672469/ben-chilwell
334,https://www.fotmob.com/en-GB/players/950485/maxence-lacroix
335,https://www.fotmob.com/en-GB/players/951954/cheick-oumar-doucoure
336,https://www.fotmob.com/en-GB/players/146830/joel-ward
337,https://www.fotmob.com/en-GB/players/295067/will-hughes
338,https://www.fotmob.com/en-GB/players/706297/jean-philippe-mateta
339,https://www.fotmob.com/en-GB/players/1336751/justin-devenny
340,https://www.fotmob.com/en-GB/players/290410/michael-keane
341,https://www.fotmob.com/en-GB/players/939542/dwight-mcneil
342,https://www.fotmob.com/en-GB/players/179410/idrissa-gana-gueye
343,https://www.fotmob.com/en-GB/players/950474/james-garner
344,https://www.fotmob.com/en-GB/players/874025/vitaliy-mykolenko
345,https://www.fotmob.com/en-GB/players/1203512/tim-iroegbunam
346,https://www.fotmob.com/en-GB/players/1356310/youssef-chermiti
347,https://www.fotmob.com/en-GB/players/1030829/jarrad-branthwaite
348,https://www.fotmob.com/en-GB/players/958335/jesper-lindstrom
349,https://www.fotmob.com/en-GB/players/46518/asmir-begovic
350,https://www.fotmob.com/en-GB/players/78626/david-moyes
351,https://www.fotmob.com/en-GB/players/1077975/armando-broja
352,https://www.fotmob.com/en-GB/players/765693/orel-mangala
353,https://www.fotmob.com/en-GB/players/1112684/nathan-patterson
354,https://www.fotmob.com/en-GB/players/352887/abdoulaye-doucoure
355,https://www.fotmob.com/en-GB/players/303919/jordan-pickford
356,https://www.fotmob.com/en-GB/players/77690/seamus-coleman
357,https://www.fotmob.com/en-GB/players/23354/ashley-young
358,https://www.fotmob.com/en-GB/players/751649/jack-harrison
359,https://www.fotmob.com/en-GB/players/1109489/tyler-onyango
360,https://www.fotmob.com/en-GB/players/612150/dominic-calvert-lewin
361,https://www.fotmob.com/en-GB/players/1079485/beto
362,https://www.fotmob.com/en-GB/players/965764/iliman-ndiaye
363,https://www.fotmob.com/en-GB/players/1098607/jake-obrien
364,https://www.fotmob.com/en-GB/players/1128965/carlos-alcaraz
365,https://www.fotmob.com/en-GB/players/243138/james-tarkowski
366,https://www.fotmob.com/en-GB/players/959247/joao-virginia
367,https://www.fotmob.com/en-GB/players/1358581/leny-yoro
368,https://www.fotmob.com/en-GB/players/43248/jonny-evans
369,https://www.fotmob.com/en-GB/players/255610/harry-maguire
370,https://www.fotmob.com/en-GB/players/24155/tom-heaton
371,https://www.fotmob.com/en-GB/players/1199272/rasmus-hojlund
372,https://www.fotmob.com/en-GB/players/611491/andre-onana
373,https://www.fotmob.com/en-GB/players/1430832/harry-amass
374,https://www.fotmob.com/en-GB/players/422685/bruno-fernandes
375,https://www.fotmob.com/en-GB/players/769895/matthijs-de-ligt
376,https://www.fotmob.com/en-GB/players/1035614/manuel-ugarte
377,https://www.fotmob.com/en-GB/players/1559639/ayden-heaven
378,https://www.fotmob.com/en-GB/players/1203665/alejandro-garnacho
379,https://www.fotmob.com/en-GB/players/750032/mason-mount
380,https://www.fotmob.com/en-GB/players/1421810/toby-collyer
381,https://www.fotmob.com/en-GB/players/157723/christian-eriksen
382,https://www.fotmob.com/en-GB/players/362694/luke-shaw
383,https://www.fotmob.com/en-GB/players/775539/noussair-mazraoui
384,https://www.fotmob.com/en-GB/players/258269/victor-nilsson-lindelof
385,https://www.fotmob.com/en-GB/players/11754/ruben-amorim
386,https://www.fotmob.com/en-GB/players/751550/diogo-dalot
387,https://www.fotmob.com/en-GB/players/950830/joshua-zirkzee
388,https://www.fotmob.com/en-GB/players/208494/casemiro
389,https://www.fotmob.com/en-GB/players/1292810/kobbie-mainoo
390,https://www.fotmob.com/en-GB/players/1526560/patrick-dorgu
391,https://www.fotmob.com/en-GB/players/866967/altay-bayindir
392,https://www.fotmob.com/en-GB/players/1070052/amad-diallo
393,https://www.fotmob.com/en-GB/players/847983/lisandro-martinez
394,https://www.fotmob.com/en-GB/players/212867/heung-min-son
395,https://www.fotmob.com/en-GB/players/591734/dominic-solanke
396,https://www.fotmob.com/en-GB/players/795539/alfie-whiteman
397,https://www.fotmob.com/en-GB/players/1113753/dane-scarlett
398,https://www.fotmob.com/en-GB/players/1203661/radu-dragusin
399,https://www.fotmob.com/en-GB/players/1341387/wilson-odobert
400,https://www.fotmob.com/en-GB/players/1076756/brennan-johnson
401,https://www.fotmob.com/en-GB/players/538501/guglielmo-vicario
402,https://www.fotmob.com/en-GB/players/724436/sergio-reguilon
403,https://www.fotmob.com/en-GB/players/935379/dejan-kulusevski
404,https://www.fotmob.com/en-GB/players/276121/ben-davies
405,https://www.fotmob.com/en-GB/players/862993/brandon-austin
406,https://www.fotmob.com/en-GB/players/941573/pedro-porro
407,https://www.fotmob.com/en-GB/players/1386775/lucas-bergvall
408,https://www.fotmob.com/en-GB/players/450980/timo-werner
409,https://www.fotmob.com/en-GB/players/1407250/mikey-moore
410,https://www.fotmob.com/en-GB/players/1052898/destiny-udogie
411,https://www.fotmob.com/en-GB/players/95336/fraser-forster
412,https://www.fotmob.com/en-GB/players/1097466/micky-van-de-ven
413,https://www.fotmob.com/en-GB/players/754126/kevin-danso
414,https://www.fotmob.com/en-GB/players/620618/rodrigo-bentancur
415,https://www.fotmob.com/en-GB/players/292198/ange-postecoglou
416,https://www.fotmob.com/en-GB/players/894803/djed-spence
417,https://www.fotmob.com/en-GB/players/1341475/antonin-kinsky
418,https://www.fotmob.com/en-GB/players/724306/yves-bissouma
419,https://www.fotmob.com/en-GB/players/654908/richarlison
420,https://www.fotmob.com/en-GB/players/1323305/archie-gray
421,https://www.fotmob.com/en-GB/players/493165/james-maddison
422,https://www.fotmob.com/en-GB/players/1107280/pape-sarr
423,https://www.fotmob.com/en-GB/players/1288111/mathys-tel
424,https://www.fotmob.com/en-GB/players/789066/cristian-romero
425,https://www.fotmob.com/en-GB/players/1114979/emmanuel-agbadou
426,https://www.fotmob.com/en-GB/players/240054/pablo-sarabia
427,https://www.fotmob.com/en-GB/players/280287/sam-johnstone
428,https://www.fotmob.com/en-GB/players/1013277/toti-gomes
429,https://www.fotmob.com/en-GB/players/1487920/bastien-meupiyou
430,https://www.fotmob.com/en-GB/players/189103/daniel-bentley
431,https://www.fotmob.com/en-GB/players/416175/jose-sa
432,https://www.fotmob.com/en-GB/players/863098/matheus-cunha
433,https://www.fotmob.com/en-GB/players/786580/marshall-munetsi
434,https://www.fotmob.com/en-GB/players/1458595/enso-gonzalez
435,https://www.fotmob.com/en-GB/players/821100/jorgen-strand-larsen
436,https://www.fotmob.com/en-GB/players/536455/goncalo-guedes
437,https://www.fotmob.com/en-GB/players/933845/rayan-ait-nouri
438,https://www.fotmob.com/en-GB/players/1396741/leon-chiwome
439,https://www.fotmob.com/en-GB/players/858198/sasa-kalajdzic
440,https://www.fotmob.com/en-GB/players/239920/matt-doherty
441,https://www.fotmob.com/en-GB/players/1054122/boubacar-traore
442,https://www.fotmob.com/en-GB/players/1186529/carlos-forbs
443,https://www.fotmob.com/en-GB/players/940442/thomas-doyle
444,https://www.fotmob.com/en-GB/players/769166/jean-ricner-bellegarde
445,https://www.fotmob.com/en-GB/players/1192166/rodrigo-gomes
446,https://www.fotmob.com/en-GB/players/1174296/andre
447,https://www.fotmob.com/en-GB/players/620026/hee-chan-hwang
448,https://www.fotmob.com/en-GB/players/1273707/nasser-djiga
449,https://www.fotmob.com/en-GB/players/1200657/yerson-mosquera
450,https://www.fotmob.com/en-GB/players/581530/tom-king
451,https://www.fotmob.com/en-GB/players/1174672/joao-gomes
452,https://www.fotmob.com/en-GB/players/169162/craig-dawson
453,https://www.fotmob.com/en-GB/players/848034/santiago-bueno
454,https://www.fotmob.com/en-GB/players/282115/vitor-pereira
455,https://www.fotmob.com/en-GB/players/1610952/pedro-lima
456,https://www.fotmob.com/en-GB/players/470834/nelson-semedo
457,https://www.fotmob.com/en-GB/players/783505/edson-alvarez
458,https://www.fotmob.com/en-GB/players/1302814/kaelan-casey
459,https://www.fotmob.com/en-GB/players/1458757/luis-guilherme
460,https://www.fotmob.com/en-GB/players/891743/mohammed-kudus
461,https://www.fotmob.com/en-GB/players/212944/wesley-foderingham
462,https://www.fotmob.com/en-GB/players/941213/crysencio-summerville
463,https://www.fotmob.com/en-GB/players/865931/max-kilman
464,https://www.fotmob.com/en-GB/players/24347/graham-potter
465,https://www.fotmob.com/en-GB/players/158545/michail-antonio
466,https://www.fotmob.com/en-GB/players/307317/vladimir-coufal
467,https://www.fotmob.com/en-GB/players/524437/tomas-soucek
468,https://www.fotmob.com/en-GB/players/276791/niclas-fullkrug
469,https://www.fotmob.com/en-GB/players/30973/lukasz-fabianski
470,https://www.fotmob.com/en-GB/players/760320/aaron-wan-bissaka
471,https://www.fotmob.com/en-GB/players/155782/aaron-cresswell
472,https://www.fotmob.com/en-GB/players/586768/guido-rodriguez
473,https://www.fotmob.com/en-GB/players/523825/jarrod-bowen
474,https://www.fotmob.com/en-GB/players/1068482/evan-ferguson
475,https://www.fotmob.com/en-GB/players/708890/carlos-soler
476,https://www.fotmob.com/en-GB/players/719219/konstantinos-mavropanos
477,https://www.fotmob.com/en-GB/players/766435/lucas-paqueta
478,https://www.fotmob.com/en-GB/players/863359/andy-irving
479,https://www.fotmob.com/en-GB/players/955214/jean-clair-todibo
480,https://www.fotmob.com/en-GB/players/1315319/oliver-scarles
481,https://www.fotmob.com/en-GB/players/214426/danny-ings
482,https://www.fotmob.com/en-GB/players/210164/alphonse-areola
483,https://www.fotmob.com/en-GB/players/279490/james-ward-prowse
484,https://www.fotmob.com/en-GB/players/1331666/lewis-orford
485,https://www.fotmob.com/en-GB/players/267371/emerson
486,https://www.fotmob.com/en-GB/players/750033/george-hirst
487,https://www.fotmob.com/en-GB/players/295069/conor-townsend
488,https://www.fotmob.com/en-GB/players/1107647/cieran-slicker
489,https://www.fotmob.com/en-GB/players/605647/conor-chaplin
490,https://www.fotmob.com/en-GB/players/512013/christian-walton
491,https://www.fotmob.com/en-GB/players/690149/axel-tuanzebe
492,https://www.fotmob.com/en-GB/players/1469135/somto-boniface
493,https://www.fotmob.com/en-GB/players/609755/kalvin-phillips
494,https://www.fotmob.com/en-GB/players/643228/alex-palmer
495,https://www.fotmob.com/en-GB/players/770267/ben-johnson
496,https://www.fotmob.com/en-GB/players/491827/sammie-szmodics
497,https://www.fotmob.com/en-GB/players/185326/sam-morsy
498,https://www.fotmob.com/en-GB/players/914402/jack-clarke
499,https://www.fotmob.com/en-GB/players/1113903/liam-delap
500,https://www.fotmob.com/en-GB/players/1215652/omari-hutchinson
501,https://www.fotmob.com/en-GB/players/674009/chiedozie-ogbene
502,https://www.fotmob.com/en-GB/players/1089645/jaden-philogene-bidace
503,https://www.fotmob.com/en-GB/players/980381/leif-davis
504,https://www.fotmob.com/en-GB/players/760329/nathan-broadhead
505,https://www.fotmob.com/en-GB/players/866688/luke-woolfenden
506,https://www.fotmob.com/en-GB/players/760752/arijanet-muric
507,https://www.fotmob.com/en-GB/players/1073742/julio-enciso
508,https://www.fotmob.com/en-GB/players/305219/massimo-luongo
509,https://www.fotmob.com/en-GB/players/1322897/kieran-mckenna
510,https://www.fotmob.com/en-GB/players/1079103/jacob-greaves
511,https://www.fotmob.com/en-GB/players/421768/wes-burns
512,https://www.fotmob.com/en-GB/players/789507/jack-taylor
513,https://www.fotmob.com/en-GB/players/662936/ben-godfrey
514,https://www.fotmob.com/en-GB/players/564842/cameron-burgess
515,https://www.fotmob.com/en-GB/players/789578/dara-oshea
516,https://www.fotmob.com/en-GB/players/801120/jens-lys-cajuste
517,https://www.fotmob.com/en-GB/players/637746/odsonne-edouard
518,https://www.fotmob.com/en-GB/players/967941/mads-hermansen
519,https://www.fotmob.com/en-GB/players/759580/stephy-mavididi
520,https://www.fotmob.com/en-GB/players/671518/harry-souttar
521,https://www.fotmob.com/en-GB/players/286119/jamie-vardy
522,https://www.fotmob.com/en-GB/players/533228/wilfred-ndidi
523,https://www.fotmob.com/en-GB/players/1398484/michael-golding
524,https://www.fotmob.com/en-GB/players/154280/jordan-ayew
525,https://www.fotmob.com/en-GB/players/1096327/jakub-stolarczyk
526,https://www.fotmob.com/en-GB/players/1006676/memeh-caleb-okoli
527,https://www.fotmob.com/en-GB/players/528453/harry-winks
528,https://www.fotmob.com/en-GB/players/882401/boubakary-soumare
529,https://www.fotmob.com/en-GB/players/254472/danny-ward
530,https://www.fotmob.com/en-GB/players/710158/james-justin
531,https://www.fotmob.com/en-GB/players/34602/ruud-van-nistelrooy
532,https://www.fotmob.com/en-GB/players/1265626/abdul-fatawu
533,https://www.fotmob.com/en-GB/players/262550/bobby-reid
534,https://www.fotmob.com/en-GB/players/1336566/facundo-buonanotte
535,https://www.fotmob.com/en-GB/players/306128/ricardo-pereira
536,https://www.fotmob.com/en-GB/players/617763/daniel-iversen
537,https://www.fotmob.com/en-GB/players/1211437/victor-kristiansen
538,https://www.fotmob.com/en-GB/players/1340895/bilal-el-khannouss
539,https://www.fotmob.com/en-GB/players/916332/luke-thomas
540,https://www.fotmob.com/en-GB/players/1074476/woyo-coulibaly
541,https://www.fotmob.com/en-GB/players/693678/wout-faes
542,https://www.fotmob.com/en-GB/players/644459/patson-daka
543,https://www.fotmob.com/en-GB/players/205893/jannik-vestergaard
544,https://www.fotmob.com/en-GB/players/1113915/kasey-mcateer
545,https://www.fotmob.com/en-GB/players/247761/conor-coady
546,https://www.fotmob.com/en-GB/players/1677188/jeremy-monga
547,https://www.fotmob.com/en-GB/players/873014/oliver-skipp
548,https://www.fotmob.com/en-GB/players/435513/ryan-manning
549,https://www.fotmob.com/en-GB/players/798659/joe-aribo
550,https://www.fotmob.com/en-GB/players/1487907/joachim-kayi-sanda
551,https://www.fotmob.com/en-GB/players/1200631/lesley-ugochukwu
552,https://www.fotmob.com/en-GB/players/1133381/albert-gronbaek
553,https://www.fotmob.com/en-GB/players/966021/taylor-harwood-bellis
554,https://www.fotmob.com/en-GB/players/119079/alex-mccarthy
555,https://www.fotmob.com/en-GB/players/1580251/rento-takaoka
556,https://www.fotmob.com/en-GB/players/539939/james-bree
557,https://www.fotmob.com/en-GB/players/1118192/welington
558,https://www.fotmob.com/en-GB/players/490868/jan-bednarek
559,https://www.fotmob.com/en-GB/players/230916/ryan-fraser
560,https://www.fotmob.com/en-GB/players/1356312/mateus-fernandes
561,https://www.fotmob.com/en-GB/players/412357/paul-onuachu
562,https://www.fotmob.com/en-GB/players/953859/nathan-wood
563,https://www.fotmob.com/en-GB/players/924610/yukinari-sugawara
564,https://www.fotmob.com/en-GB/players/1195885/juan-larios
565,https://www.fotmob.com/en-GB/players/37234/adam-lallana
566,https://www.fotmob.com/en-GB/players/1130691/kamaldeen-sulemana
567,https://www.fotmob.com/en-GB/players/776159/ross-stewart
568,https://www.fotmob.com/en-GB/players/951765/armel-bella-kotchap
569,https://www.fotmob.com/en-GB/players/1292833/tyler-dibling
570,https://www.fotmob.com/en-GB/players/574448/joe-lumley
571,https://www.fotmob.com/en-GB/players/746395/aaron-ramsdale
572,https://www.fotmob.com/en-GB/players/1086647/cameron-archer
573,https://www.fotmob.com/en-GB/players/734042/kyle-walker-peters
574,https://www.fotmob.com/en-GB/players/289137/charlie-taylor
575,https://www.fotmob.com/en-GB/players/844943/flynn-downes
576,https://www.fotmob.com/en-GB/players/24034/simon-rusk
577,https://www.fotmob.com/en-GB/players/1453338/jay-robinson
578,https://www.fotmob.com/en-GB/players/807925/william-smallbone
579,https://www.fotmob.com/en-GB/players/215387/jack-stephens
