,player_links
0,https://www.fotmob.com/en-GB/players/209405/virgil-van-dijk
1,https://www.fotmob.com/en-GB/players/950561/darwin-nunez
2,https://www.fotmob.com/en-GB/players/319784/alisson-becker
3,https://www.fotmob.com/en-GB/players/806552/cody-gakpo
4,https://www.fotmob.com/en-GB/players/568571/joseph-gomez
5,https://www.fotmob.com/en-GB/players/776689/caoimhin-kelleher
6,https://www.fotmob.com/en-GB/players/570461/diogo-jota
7,https://www.fotmob.com/en-GB/players/831489/alexis-mac-allister
8,https://www.fotmob.com/en-GB/players/202643/wataru-endo
9,https://www.fotmob.com/en-GB/players/820140/ibrahima-konate
10,https://www.fotmob.com/en-GB/players/357880/andrew-robertson
11,https://www.fotmob.com/en-GB/players/292462/mohamed-salah
12,https://www.fotmob.com/en-GB/players/860914/luis-diaz
13,https://www.fotmob.com/en-GB/players/1113690/conor-bradley
14,https://www.fotmob.com/en-GB/players/933768/curtis-jones
15,https://www.fotmob.com/en-GB/players/1113724/tyler-morton
16,https://www.fotmob.com/en-GB/players/1236818/harvey-davies
17,https://www.fotmob.com/en-GB/players/784510/federico-chiesa
18,https://www.fotmob.com/en-GB/players/26630/arne-slot
19,https://www.fotmob.com/en-GB/players/963964/harvey-elliott
20,https://www.fotmob.com/en-GB/players/760712/trent-alexander-arnold
21,https://www.fotmob.com/en-GB/players/956683/ryan-gravenberch
22,https://www.fotmob.com/en-GB/players/671529/konstantinos-tsimikas
23,https://www.fotmob.com/en-GB/players/846005/dominik-szoboszlai
24,https://www.fotmob.com/en-GB/players/1068920/vitezslav-jaros
25,https://www.fotmob.com/en-GB/players/1107620/jarell-quansah
26,https://www.fotmob.com/en-GB/players/749736/kai-havertz
27,https://www.fotmob.com/en-GB/players/562727/david-raya
28,https://www.fotmob.com/en-GB/players/582499/kieran-tierney
29,https://www.fotmob.com/en-GB/players/664444/takehiro-tomiyasu
30,https://www.fotmob.com/en-GB/players/795179/gabriel
31,https://www.fotmob.com/en-GB/players/1021586/gabriel-martinelli
32,https://www.fotmob.com/en-GB/players/246575/raheem-sterling
33,https://www.fotmob.com/en-GB/players/282775/jorginho
34,https://www.fotmob.com/en-GB/players/1254234/ethan-nwaneri
35,https://www.fotmob.com/en-GB/players/955406/william-saliba
36,https://www.fotmob.com/en-GB/players/1098816/nathan-butler-oyedeji
37,https://www.fotmob.com/en-GB/players/534670/martin-odegaard
38,https://www.fotmob.com/en-GB/players/654096/declan-rice
39,https://www.fotmob.com/en-GB/players/942381/jurrien-timber
40,https://www.fotmob.com/en-GB/players/574645/mikel-merino
41,https://www.fotmob.com/en-GB/players/776151/ben-white
42,https://www.fotmob.com/en-GB/players/1105912/riccardo-calafiori
43,https://www.fotmob.com/en-GB/players/176186/neto
44,https://www.fotmob.com/en-GB/players/1243239/tommy-setford
45,https://www.fotmob.com/en-GB/players/1021834/jakub-kiwior
46,https://www.fotmob.com/en-GB/players/434325/thomas-partey
47,https://www.fotmob.com/en-GB/players/961995/bukayo-saka
48,https://www.fotmob.com/en-GB/players/1406436/myles-lewis-skelly
49,https://www.fotmob.com/en-GB/players/24011/mikel-arteta
50,https://www.fotmob.com/en-GB/players/318615/leandro-trossard
51,https://www.fotmob.com/en-GB/players/576165/gabriel-jesus
52,https://www.fotmob.com/en-GB/players/623621/oleksandr-zinchenko
53,https://www.fotmob.com/en-GB/players/1043826/carlos-miguel
54,https://www.fotmob.com/en-GB/players/1053838/morato
55,https://www.fotmob.com/en-GB/players/1114798/jota-silva
56,https://www.fotmob.com/en-GB/players/766611/nikola-milenkovic
57,https://www.fotmob.com/en-GB/players/1078788/neco-williams
58,https://www.fotmob.com/en-GB/players/1089691/elliot-anderson
59,https://www.fotmob.com/en-GB/players/1050166/anthony-elanga
60,https://www.fotmob.com/en-GB/players/1132960/ramon-sosa
61,https://www.fotmob.com/en-GB/players/789502/morgan-gibbs-white
62,https://www.fotmob.com/en-GB/players/1487909/eric-da-silva-moreira
63,https://www.fotmob.com/en-GB/players/827315/nicolas-dominguez
64,https://www.fotmob.com/en-GB/players/1288332/joel-ndala
65,https://www.fotmob.com/en-GB/players/846383/callum-hudson-odoi
66,https://www.fotmob.com/en-GB/players/181069/matz-sels
67,https://www.fotmob.com/en-GB/players/169719/chris-wood
68,https://www.fotmob.com/en-GB/players/36283/wayne-hennessey
69,https://www.fotmob.com/en-GB/players/25941/nuno-espirito-santo
70,https://www.fotmob.com/en-GB/players/1458711/murillo
71,https://www.fotmob.com/en-GB/players/575804/harry-toffolo
72,https://www.fotmob.com/en-GB/players/643717/taiwo-awoniyi
73,https://www.fotmob.com/en-GB/players/682548/ola-aina
74,https://www.fotmob.com/en-GB/players/775614/ryan-yates
75,https://www.fotmob.com/en-GB/players/477588/alex-moreno
76,https://www.fotmob.com/en-GB/players/795371/ibrahim-sangare
77,https://www.fotmob.com/en-GB/players/246331/willy-boly
78,https://www.fotmob.com/en-GB/players/1181700/danilo
79,https://www.fotmob.com/en-GB/players/906937/anthony-gordon
80,https://www.fotmob.com/en-GB/players/1474503/trevan-sanusi
81,https://www.fotmob.com/en-GB/players/191869/kieran-trippier
82,https://www.fotmob.com/en-GB/players/72241/martin-dubravka
83,https://www.fotmob.com/en-GB/players/864983/jamal-lewis
84,https://www.fotmob.com/en-GB/players/538112/matt-targett
85,https://www.fotmob.com/en-GB/players/867414/sandro-tonali
86,https://www.fotmob.com/en-GB/players/760359/harvey-barnes
87,https://www.fotmob.com/en-GB/players/850354/bruno-guimaraes
88,https://www.fotmob.com/en-GB/players/1258092/william-osula
89,https://www.fotmob.com/en-GB/players/40602/john-ruddy
90,https://www.fotmob.com/en-GB/players/304355/odisseas-vlachodimos
91,https://www.fotmob.com/en-GB/players/279489/jamaal-lascelles
92,https://www.fotmob.com/en-GB/players/280484/nick-pope
93,https://www.fotmob.com/en-GB/players/820024/sean-longstaff
94,https://www.fotmob.com/en-GB/players/23630/eddie-howe
95,https://www.fotmob.com/en-GB/players/1296763/lewis-miley
96,https://www.fotmob.com/en-GB/players/195668/mark-gillespie
97,https://www.fotmob.com/en-GB/players/184321/callum-wilson
98,https://www.fotmob.com/en-GB/players/690107/alexander-isak
99,https://www.fotmob.com/en-GB/players/188058/daniel-burn
100,https://www.fotmob.com/en-GB/players/1107910/valentino-livramento
101,https://www.fotmob.com/en-GB/players/1197655/lewis-hall
102,https://www.fotmob.com/en-GB/players/860975/joseph-willock
103,https://www.fotmob.com/en-GB/players/1324022/garang-kuol
104,https://www.fotmob.com/en-GB/players/521148/jacob-murphy
105,https://www.fotmob.com/en-GB/players/956682/sven-botman
106,https://www.fotmob.com/en-GB/players/259306/emil-krafth
107,https://www.fotmob.com/en-GB/players/535936/joelinton
108,https://www.fotmob.com/en-GB/players/189982/fabian-schar
109,https://www.fotmob.com/en-GB/players/737066/erling-haaland
110,https://www.fotmob.com/en-GB/players/1070712/josko-gvardiol
111,https://www.fotmob.com/en-GB/players/1174337/savinho
112,https://www.fotmob.com/en-GB/players/178818/ilkay-gundogan
113,https://www.fotmob.com/en-GB/players/955529/matheus-nunes
114,https://www.fotmob.com/en-GB/players/1280132/nico-gonzalez
115,https://www.fotmob.com/en-GB/players/1486264/claudio-echeverri
116,https://www.fotmob.com/en-GB/players/839204/omar-marmoush
117,https://www.fotmob.com/en-GB/players/1339595/christian-mcfarlane
118,https://www.fotmob.com/en-GB/players/312765/jack-grealish
119,https://www.fotmob.com/en-GB/players/614006/ruben-dias
120,https://www.fotmob.com/en-GB/players/815006/phil-foden
121,https://www.fotmob.com/en-GB/players/675088/rodri
122,https://www.fotmob.com/en-GB/players/942368/jeremy-doku
123,https://www.fotmob.com/en-GB/players/1288450/rico-lewis
124,https://www.fotmob.com/en-GB/players/1463271/jahmai-simpson-pusey
125,https://www.fotmob.com/en-GB/players/417068/nathan-ake
126,https://www.fotmob.com/en-GB/players/521318/manuel-akanji
127,https://www.fotmob.com/en-GB/players/1300526/nico-oreilly
128,https://www.fotmob.com/en-GB/players/488139/bernardo-silva
129,https://www.fotmob.com/en-GB/players/41636/pep-guardiola
130,https://www.fotmob.com/en-GB/players/36373/scott-carson
131,https://www.fotmob.com/en-GB/players/1362998/abdukodir-khusanov
132,https://www.fotmob.com/en-GB/players/239219/mateo-kovacic
133,https://www.fotmob.com/en-GB/players/263653/john-stones
134,https://www.fotmob.com/en-GB/players/1113790/oscar-bobb
135,https://www.fotmob.com/en-GB/players/363364/ederson-moraes
136,https://www.fotmob.com/en-GB/players/1107648/james-mcatee
137,https://www.fotmob.com/en-GB/players/1580952/vitor-reis
138,https://www.fotmob.com/en-GB/players/276729/stefan-ortega
139,https://www.fotmob.com/en-GB/players/169200/kevin-de-bruyne
140,https://www.fotmob.com/en-GB/players/1207581/david-datro-fofana
141,https://www.fotmob.com/en-GB/players/1581053/mathis-amougou
142,https://www.fotmob.com/en-GB/players/704523/christopher-nkunku
143,https://www.fotmob.com/en-GB/players/1190867/romeo-lavia
144,https://www.fotmob.com/en-GB/players/807729/reece-james
145,https://www.fotmob.com/en-GB/players/955376/benoit-badiashile
146,https://www.fotmob.com/en-GB/players/1424875/tyrique-george
147,https://www.fotmob.com/en-GB/players/1096400/levi-colwill
148,https://www.fotmob.com/en-GB/players/1197347/nicolas-jackson
149,https://www.fotmob.com/en-GB/players/789571/robert-sanchez
150,https://www.fotmob.com/en-GB/players/1197250/malo-gusto
151,https://www.fotmob.com/en-GB/players/1412137/marc-guiu
152,https://www.fotmob.com/en-GB/players/363357/marcus-bettinelli
153,https://www.fotmob.com/en-GB/players/873289/marc-cucurella
154,https://www.fotmob.com/en-GB/players/1137705/enzo-fernandez
155,https://www.fotmob.com/en-GB/players/1096353/cole-palmer
156,https://www.fotmob.com/en-GB/players/1315477/omari-kellyman
157,https://www.fotmob.com/en-GB/players/1346113/shumaira-mheuka
158,https://www.fotmob.com/en-GB/players/793907/trevoh-chalobah
159,https://www.fotmob.com/en-GB/players/1084981/noni-madueke
160,https://www.fotmob.com/en-GB/players/846381/jadon-sancho
161,https://www.fotmob.com/en-GB/players/1400216/josh-acheampong
162,https://www.fotmob.com/en-GB/players/976506/mykhaylo-mudryk
163,https://www.fotmob.com/en-GB/players/1200984/filip-jorgensen
164,https://www.fotmob.com/en-GB/players/843040/pedro-neto
165,https://www.fotmob.com/en-GB/players/34000/enzo-maresca
166,https://www.fotmob.com/en-GB/players/1096396/lucas-bergstrom
167,https://www.fotmob.com/en-GB/players/1137668/moises-caicedo
168,https://www.fotmob.com/en-GB/players/886016/kiernan-dewsbury-hall
169,https://www.fotmob.com/en-GB/players/917802/wesley-fofana
170,https://www.fotmob.com/en-GB/players/683402/tosin-adarabioyo
171,https://www.fotmob.com/en-GB/players/1494947/aaron-anselmino
172,https://www.fotmob.com/en-GB/players/1031220/gabriel-slonina
173,https://www.fotmob.com/en-GB/players/356406/john-mcginn
174,https://www.fotmob.com/en-GB/players/696646/axel-disasi
175,https://www.fotmob.com/en-GB/players/816325/boubacar-kamara
176,https://www.fotmob.com/en-GB/players/1185748/amadou-onana
177,https://www.fotmob.com/en-GB/players/1190033/lamare-bogarde
178,https://www.fotmob.com/en-GB/players/966026/ian-maatsen
179,https://www.fotmob.com/en-GB/players/1639163/bradley-burrowes
180,https://www.fotmob.com/en-GB/players/210111/lucas-digne
181,https://www.fotmob.com/en-GB/players/1557236/jamaldeen-jimoh
182,https://www.fotmob.com/en-GB/players/792645/pau-torres
183,https://www.fotmob.com/en-GB/players/498033/marco-asensio
184,https://www.fotmob.com/en-GB/players/1021929/jacob-ramsey
185,https://www.fotmob.com/en-GB/players/419664/tyrone-mings
186,https://www.fotmob.com/en-GB/players/540088/ollie-watkins
187,https://www.fotmob.com/en-GB/players/215384/ross-barkley
188,https://www.fotmob.com/en-GB/players/660301/donyell-malen
189,https://www.fotmob.com/en-GB/players/710159/ezri-konsa
190,https://www.fotmob.com/en-GB/players/465960/youri-tielemans
191,https://www.fotmob.com/en-GB/players/364549/kortney-hause
192,https://www.fotmob.com/en-GB/players/268375/emiliano-martinez
193,https://www.fotmob.com/en-GB/players/671331/leon-bailey
194,https://www.fotmob.com/en-GB/players/696365/marcus-rashford
195,https://www.fotmob.com/en-GB/players/1430406/andres-garcia
196,https://www.fotmob.com/en-GB/players/729731/matty-cash
197,https://www.fotmob.com/en-GB/players/96940/unai-emery
198,https://www.fotmob.com/en-GB/players/883080/morgan-rogers
199,https://www.fotmob.com/en-GB/players/120569/robin-olsen
200,https://www.fotmob.com/en-GB/players/1233655/alex-scott
201,https://www.fotmob.com/en-GB/players/1290411/zain-silcott-duberry
202,https://www.fotmob.com/en-GB/players/1697214/ben-winterburn
203,https://www.fotmob.com/en-GB/players/317564/kepa-arrizabalaga
204,https://www.fotmob.com/en-GB/players/33025/andoni-iraola
205,https://www.fotmob.com/en-GB/players/1347568/matai-akinmboni
206,https://www.fotmob.com/en-GB/players/439369/ryan-christie
207,https://www.fotmob.com/en-GB/players/674014/david-brooks
208,https://www.fotmob.com/en-GB/players/1098096/evanilson
209,https://www.fotmob.com/en-GB/players/794253/justin-kluivert
210,https://www.fotmob.com/en-GB/players/1358655/julio-soler
211,https://www.fotmob.com/en-GB/players/1367619/dean-huijsen
212,https://www.fotmob.com/en-GB/players/1140003/illia-zabarnyi
213,https://www.fotmob.com/en-GB/players/1027447/julian-araujo
214,https://www.fotmob.com/en-GB/players/1096635/will-dennis
215,https://www.fotmob.com/en-GB/players/160447/adam-smith
216,https://www.fotmob.com/en-GB/players/1195281/milos-kerkez
217,https://www.fotmob.com/en-GB/players/464486/enes-unal
218,https://www.fotmob.com/en-GB/players/1702426/remy-rees-dottin
219,https://www.fotmob.com/en-GB/players/1432570/michael-dacosta
220,https://www.fotmob.com/en-GB/players/729769/tyler-adams
221,https://www.fotmob.com/en-GB/players/933576/antoine-semenyo
222,https://www.fotmob.com/en-GB/players/959407/james-hill
223,https://www.fotmob.com/en-GB/players/1253827/daniel-jebbison
224,https://www.fotmob.com/en-GB/players/789630/marcus-tavernier
225,https://www.fotmob.com/en-GB/players/562724/lewis-cook
226,https://www.fotmob.com/en-GB/players/846369/luis-sinisterra
227,https://www.fotmob.com/en-GB/players/785411/marcos-senesi
228,https://www.fotmob.com/en-GB/players/1250253/dango-ouattara
229,https://www.fotmob.com/en-GB/players/866201/carlos-vinicius
230,https://www.fotmob.com/en-GB/players/465750/timothy-castagne
231,https://www.fotmob.com/en-GB/players/494417/harry-wilson
232,https://www.fotmob.com/en-GB/players/164124/marco-silva
233,https://www.fotmob.com/en-GB/players/215168/bernd-leno
234,https://www.fotmob.com/en-GB/players/696443/issa-diop
235,https://www.fotmob.com/en-GB/players/889534/emile-smith-rowe
236,https://www.fotmob.com/en-GB/players/1128945/rodrigo-muniz
237,https://www.fotmob.com/en-GB/players/292313/raul-jimenez
238,https://www.fotmob.com/en-GB/players/575779/andreas-pereira
239,https://www.fotmob.com/en-GB/players/748382/reiss-nelson
240,https://www.fotmob.com/en-GB/players/182962/tom-cairney
241,https://www.fotmob.com/en-GB/players/493647/adama-traore
242,https://www.fotmob.com/en-GB/players/556972/sasa-lukic
243,https://www.fotmob.com/en-GB/players/502420/harrison-reed
244,https://www.fotmob.com/en-GB/players/887969/steven-andreas-benda
245,https://www.fotmob.com/en-GB/players/1422593/joshua-king
246,https://www.fotmob.com/en-GB/players/503659/joachim-andersen
247,https://www.fotmob.com/en-GB/players/821728/jorge-cuenca
248,https://www.fotmob.com/en-GB/players/662428/antonee-robinson
249,https://www.fotmob.com/en-GB/players/540963/sander-berge
250,https://www.fotmob.com/en-GB/players/94086/willian
251,https://www.fotmob.com/en-GB/players/773991/ryan-sessegnon
252,https://www.fotmob.com/en-GB/players/877401/calvin-bassey
253,https://www.fotmob.com/en-GB/players/469804/kenny-tete
254,https://www.fotmob.com/en-GB/players/604785/alex-iwobi
255,https://www.fotmob.com/en-GB/players/688278/pervis-estupinan
256,https://www.fotmob.com/en-GB/players/303346/adam-webster
257,https://www.fotmob.com/en-GB/players/862608/kaoru-mitoma
258,https://www.fotmob.com/en-GB/players/866686/matthew-oriley
259,https://www.fotmob.com/en-GB/players/1251334/jack-hinshelwood
260,https://www.fotmob.com/en-GB/players/1187236/carl-rushworth
261,https://www.fotmob.com/en-GB/players/38807/james-milner
262,https://www.fotmob.com/en-GB/players/1354561/diego-gomez
263,https://www.fotmob.com/en-GB/players/1127305/eiran-cashin
264,https://www.fotmob.com/en-GB/players/416850/solly-march
265,https://www.fotmob.com/en-GB/players/1400227/yankuba-minteh
266,https://www.fotmob.com/en-GB/players/304455/joel-veltman
267,https://www.fotmob.com/en-GB/players/1021382/joao-pedro
268,https://www.fotmob.com/en-GB/players/768331/igor
269,https://www.fotmob.com/en-GB/players/201690/lewis-dunk
270,https://www.fotmob.com/en-GB/players/974618/jan-paul-van-hecke
271,https://www.fotmob.com/en-GB/players/815080/thomas-mcgill
272,https://www.fotmob.com/en-GB/players/208516/fabian-hurzeler
273,https://www.fotmob.com/en-GB/players/970243/mats-wieffer
274,https://www.fotmob.com/en-GB/players/1352713/carlos-baleba
275,https://www.fotmob.com/en-GB/players/1227012/simon-adingra
276,https://www.fotmob.com/en-GB/players/1430151/brajan-gruda
277,https://www.fotmob.com/en-GB/players/1386101/adrian-mazilu
278,https://www.fotmob.com/en-GB/players/1131987/bart-verbruggen
279,https://www.fotmob.com/en-GB/players/107917/jason-steele
280,https://www.fotmob.com/en-GB/players/113836/danny-welbeck
281,https://www.fotmob.com/en-GB/players/955139/tariq-lamptey
282,https://www.fotmob.com/en-GB/players/774448/ferdi-kadioglu
283,https://www.fotmob.com/en-GB/players/1168311/yasin-ayari
284,https://www.fotmob.com/en-GB/players/956925/georginio-rutter
285,https://www.fotmob.com/en-GB/players/1516030/gustavo-gomes
286,https://www.fotmob.com/en-GB/players/963965/fabio-carvalho
287,https://www.fotmob.com/en-GB/players/961306/nathan-collins
288,https://www.fotmob.com/en-GB/players/888912/mikkel-damsgaard
289,https://www.fotmob.com/en-GB/players/759566/joshua-dasilva
290,https://www.fotmob.com/en-GB/players/1429912/michael-kayode
291,https://www.fotmob.com/en-GB/players/266520/christian-norgaard
292,https://www.fotmob.com/en-GB/players/562892/rico-henry
293,https://www.fotmob.com/en-GB/players/552718/kristoffer-vassbakk-ajer
294,https://www.fotmob.com/en-GB/players/688273/vitaly-janelt
295,https://www.fotmob.com/en-GB/players/1302005/thiago-rodrigues
296,https://www.fotmob.com/en-GB/players/850962/hakon-rafn-valdimarsson
297,https://www.fotmob.com/en-GB/players/1157236/yegor-yarmolyuk
298,https://www.fotmob.com/en-GB/players/919435/sepp-van-den-berg
299,https://www.fotmob.com/en-GB/players/1002039/aaron-hickey
300,https://www.fotmob.com/en-GB/players/1524063/yunus-emre-konak
301,https://www.fotmob.com/en-GB/players/1010426/keane-lewis-potter
302,https://www.fotmob.com/en-GB/players/330643/mark-flekken
303,https://www.fotmob.com/en-GB/players/1341538/ji-soo-kim
304,https://www.fotmob.com/en-GB/players/650616/mathias-jensen
305,https://www.fotmob.com/en-GB/players/11238/thomas-frank
306,https://www.fotmob.com/en-GB/players/923312/bryan-mbeumo
307,https://www.fotmob.com/en-GB/players/240538/ben-mee
308,https://www.fotmob.com/en-GB/players/886150/edmond-paris-maghoma
309,https://www.fotmob.com/en-GB/players/711357/ethan-pinnock
310,https://www.fotmob.com/en-GB/players/666857/yoane-wissa
311,https://www.fotmob.com/en-GB/players/1083796/kevin-schade
312,https://www.fotmob.com/en-GB/players/706297/jean-philippe-mateta
313,https://www.fotmob.com/en-GB/players/818975/eberechi-eze
314,https://www.fotmob.com/en-GB/players/466672/jefferson-lerma
315,https://www.fotmob.com/en-GB/players/672469/ben-chilwell
316,https://www.fotmob.com/en-GB/players/1437781/franco-umeh-chibueze
317,https://www.fotmob.com/en-GB/players/43009/oliver-glasner
318,https://www.fotmob.com/en-GB/players/295067/will-hughes
319,https://www.fotmob.com/en-GB/players/719330/dean-henderson
320,https://www.fotmob.com/en-GB/players/157838/nathaniel-clyne
321,https://www.fotmob.com/en-GB/players/562726/remi-matthews
322,https://www.fotmob.com/en-GB/players/621515/daichi-kamada
323,https://www.fotmob.com/en-GB/players/1120224/tyrick-mitchell
324,https://www.fotmob.com/en-GB/players/1296650/adam-wharton
325,https://www.fotmob.com/en-GB/players/950485/maxence-lacroix
326,https://www.fotmob.com/en-GB/players/146830/joel-ward
327,https://www.fotmob.com/en-GB/players/1316124/matheus-franca
328,https://www.fotmob.com/en-GB/players/950829/chris-richards
329,https://www.fotmob.com/en-GB/players/997557/louie-moulden
330,https://www.fotmob.com/en-GB/players/844425/marc-guehi
331,https://www.fotmob.com/en-GB/players/859282/daniel-munoz
332,https://www.fotmob.com/en-GB/players/771294/ismaila-sarr
333,https://www.fotmob.com/en-GB/players/1187506/chadi-riad
334,https://www.fotmob.com/en-GB/players/1428401/romain-esse
335,https://www.fotmob.com/en-GB/players/1336751/justin-devenny
336,https://www.fotmob.com/en-GB/players/1418099/caleb-kporha
337,https://www.fotmob.com/en-GB/players/729988/matt-turner
338,https://www.fotmob.com/en-GB/players/860920/edward-nketiah
339,https://www.fotmob.com/en-GB/players/951954/cheick-oumar-doucoure
340,https://www.fotmob.com/en-GB/players/1308370/malcolm-ebiowei
341,https://www.fotmob.com/en-GB/players/1112684/nathan-patterson
342,https://www.fotmob.com/en-GB/players/46518/asmir-begovic
343,https://www.fotmob.com/en-GB/players/243138/james-tarkowski
344,https://www.fotmob.com/en-GB/players/751649/jack-harrison
345,https://www.fotmob.com/en-GB/players/290410/michael-keane
346,https://www.fotmob.com/en-GB/players/1098607/jake-obrien
347,https://www.fotmob.com/en-GB/players/950474/james-garner
348,https://www.fotmob.com/en-GB/players/1203512/tim-iroegbunam
349,https://www.fotmob.com/en-GB/players/78626/david-moyes
350,https://www.fotmob.com/en-GB/players/352887/abdoulaye-doucoure
351,https://www.fotmob.com/en-GB/players/1077975/armando-broja
352,https://www.fotmob.com/en-GB/players/1030829/jarrad-branthwaite
353,https://www.fotmob.com/en-GB/players/303919/jordan-pickford
354,https://www.fotmob.com/en-GB/players/1356310/youssef-chermiti
355,https://www.fotmob.com/en-GB/players/874025/vitaliy-mykolenko
356,https://www.fotmob.com/en-GB/players/1128965/carlos-alcaraz
357,https://www.fotmob.com/en-GB/players/612150/dominic-calvert-lewin
358,https://www.fotmob.com/en-GB/players/939542/dwight-mcneil
359,https://www.fotmob.com/en-GB/players/23354/ashley-young
360,https://www.fotmob.com/en-GB/players/958335/jesper-lindstrom
361,https://www.fotmob.com/en-GB/players/1109489/tyler-onyango
362,https://www.fotmob.com/en-GB/players/959247/joao-virginia
363,https://www.fotmob.com/en-GB/players/765693/orel-mangala
364,https://www.fotmob.com/en-GB/players/179410/idrissa-gana-gueye
365,https://www.fotmob.com/en-GB/players/1079485/beto
366,https://www.fotmob.com/en-GB/players/965764/iliman-ndiaye
367,https://www.fotmob.com/en-GB/players/77690/seamus-coleman
368,https://www.fotmob.com/en-GB/players/1421810/toby-collyer
369,https://www.fotmob.com/en-GB/players/775539/noussair-mazraoui
370,https://www.fotmob.com/en-GB/players/750032/mason-mount
371,https://www.fotmob.com/en-GB/players/950830/joshua-zirkzee
372,https://www.fotmob.com/en-GB/players/1203665/alejandro-garnacho
373,https://www.fotmob.com/en-GB/players/769895/matthijs-de-ligt
374,https://www.fotmob.com/en-GB/players/258269/victor-nilsson-lindelof
375,https://www.fotmob.com/en-GB/players/24155/tom-heaton
376,https://www.fotmob.com/en-GB/players/1070052/amad-diallo
377,https://www.fotmob.com/en-GB/players/611491/andre-onana
378,https://www.fotmob.com/en-GB/players/751550/diogo-dalot
379,https://www.fotmob.com/en-GB/players/1559639/ayden-heaven
380,https://www.fotmob.com/en-GB/players/1199272/rasmus-hojlund
381,https://www.fotmob.com/en-GB/players/1035614/manuel-ugarte
382,https://www.fotmob.com/en-GB/players/866967/altay-bayindir
383,https://www.fotmob.com/en-GB/players/362694/luke-shaw
384,https://www.fotmob.com/en-GB/players/847983/lisandro-martinez
385,https://www.fotmob.com/en-GB/players/1358581/leny-yoro
386,https://www.fotmob.com/en-GB/players/208494/casemiro
387,https://www.fotmob.com/en-GB/players/1292810/kobbie-mainoo
388,https://www.fotmob.com/en-GB/players/1526560/patrick-dorgu
389,https://www.fotmob.com/en-GB/players/255610/harry-maguire
390,https://www.fotmob.com/en-GB/players/43248/jonny-evans
391,https://www.fotmob.com/en-GB/players/157723/christian-eriksen
392,https://www.fotmob.com/en-GB/players/1430832/harry-amass
393,https://www.fotmob.com/en-GB/players/1557220/chido-obi-martin
394,https://www.fotmob.com/en-GB/players/11754/ruben-amorim
395,https://www.fotmob.com/en-GB/players/422685/bruno-fernandes
396,https://www.fotmob.com/en-GB/players/1113753/dane-scarlett
397,https://www.fotmob.com/en-GB/players/1052898/destiny-udogie
398,https://www.fotmob.com/en-GB/players/894803/djed-spence
399,https://www.fotmob.com/en-GB/players/1076756/brennan-johnson
400,https://www.fotmob.com/en-GB/players/292198/ange-postecoglou
401,https://www.fotmob.com/en-GB/players/1341475/antonin-kinsky
402,https://www.fotmob.com/en-GB/players/724436/sergio-reguilon
403,https://www.fotmob.com/en-GB/players/754126/kevin-danso
404,https://www.fotmob.com/en-GB/players/1341387/wilson-odobert
405,https://www.fotmob.com/en-GB/players/620618/rodrigo-bentancur
406,https://www.fotmob.com/en-GB/players/1288111/mathys-tel
407,https://www.fotmob.com/en-GB/players/212867/heung-min-son
408,https://www.fotmob.com/en-GB/players/591734/dominic-solanke
409,https://www.fotmob.com/en-GB/players/95336/fraser-forster
410,https://www.fotmob.com/en-GB/players/935379/dejan-kulusevski
411,https://www.fotmob.com/en-GB/players/862993/brandon-austin
412,https://www.fotmob.com/en-GB/players/1323305/archie-gray
413,https://www.fotmob.com/en-GB/players/1097466/micky-van-de-ven
414,https://www.fotmob.com/en-GB/players/450980/timo-werner
415,https://www.fotmob.com/en-GB/players/789066/cristian-romero
416,https://www.fotmob.com/en-GB/players/941573/pedro-porro
417,https://www.fotmob.com/en-GB/players/654908/richarlison
418,https://www.fotmob.com/en-GB/players/1407250/mikey-moore
419,https://www.fotmob.com/en-GB/players/795539/alfie-whiteman
420,https://www.fotmob.com/en-GB/players/276121/ben-davies
421,https://www.fotmob.com/en-GB/players/493165/james-maddison
422,https://www.fotmob.com/en-GB/players/724306/yves-bissouma
423,https://www.fotmob.com/en-GB/players/1107280/pape-sarr
424,https://www.fotmob.com/en-GB/players/1203661/radu-dragusin
425,https://www.fotmob.com/en-GB/players/1386775/lucas-bergvall
426,https://www.fotmob.com/en-GB/players/538501/guglielmo-vicario
427,https://www.fotmob.com/en-GB/players/858198/sasa-kalajdzic
428,https://www.fotmob.com/en-GB/players/470834/nelson-semedo
429,https://www.fotmob.com/en-GB/players/416175/jose-sa
430,https://www.fotmob.com/en-GB/players/240054/pablo-sarabia
431,https://www.fotmob.com/en-GB/players/848034/santiago-bueno
432,https://www.fotmob.com/en-GB/players/1054122/boubacar-traore
433,https://www.fotmob.com/en-GB/players/1192166/rodrigo-gomes
434,https://www.fotmob.com/en-GB/players/1396741/leon-chiwome
435,https://www.fotmob.com/en-GB/players/863098/matheus-cunha
436,https://www.fotmob.com/en-GB/players/189103/daniel-bentley
437,https://www.fotmob.com/en-GB/players/1174672/joao-gomes
438,https://www.fotmob.com/en-GB/players/1013277/toti-gomes
439,https://www.fotmob.com/en-GB/players/1114979/emmanuel-agbadou
440,https://www.fotmob.com/en-GB/players/1273707/nasser-djiga
441,https://www.fotmob.com/en-GB/players/940442/thomas-doyle
442,https://www.fotmob.com/en-GB/players/786580/marshall-munetsi
443,https://www.fotmob.com/en-GB/players/282115/vitor-pereira
444,https://www.fotmob.com/en-GB/players/280287/sam-johnstone
445,https://www.fotmob.com/en-GB/players/620026/hee-chan-hwang
446,https://www.fotmob.com/en-GB/players/1200657/yerson-mosquera
447,https://www.fotmob.com/en-GB/players/769166/jean-ricner-bellegarde
448,https://www.fotmob.com/en-GB/players/1174296/andre
449,https://www.fotmob.com/en-GB/players/1186529/carlos-forbs
450,https://www.fotmob.com/en-GB/players/169162/craig-dawson
451,https://www.fotmob.com/en-GB/players/536455/goncalo-guedes
452,https://www.fotmob.com/en-GB/players/1458595/enso-gonzalez
453,https://www.fotmob.com/en-GB/players/581530/tom-king
454,https://www.fotmob.com/en-GB/players/821100/jorgen-strand-larsen
455,https://www.fotmob.com/en-GB/players/1487920/bastien-meupiyou
456,https://www.fotmob.com/en-GB/players/933845/rayan-ait-nouri
457,https://www.fotmob.com/en-GB/players/239920/matt-doherty
458,https://www.fotmob.com/en-GB/players/1610952/pedro-lima
459,https://www.fotmob.com/en-GB/players/307317/vladimir-coufal
460,https://www.fotmob.com/en-GB/players/279490/james-ward-prowse
461,https://www.fotmob.com/en-GB/players/708890/carlos-soler
462,https://www.fotmob.com/en-GB/players/30973/lukasz-fabianski
463,https://www.fotmob.com/en-GB/players/955214/jean-clair-todibo
464,https://www.fotmob.com/en-GB/players/24347/graham-potter
465,https://www.fotmob.com/en-GB/players/276791/niclas-fullkrug
466,https://www.fotmob.com/en-GB/players/1068482/evan-ferguson
467,https://www.fotmob.com/en-GB/players/719219/konstantinos-mavropanos
468,https://www.fotmob.com/en-GB/players/891743/mohammed-kudus
469,https://www.fotmob.com/en-GB/players/941213/crysencio-summerville
470,https://www.fotmob.com/en-GB/players/1331666/lewis-orford
471,https://www.fotmob.com/en-GB/players/1315319/oliver-scarles
472,https://www.fotmob.com/en-GB/players/210164/alphonse-areola
473,https://www.fotmob.com/en-GB/players/783505/edson-alvarez
474,https://www.fotmob.com/en-GB/players/766435/lucas-paqueta
475,https://www.fotmob.com/en-GB/players/212944/wesley-foderingham
476,https://www.fotmob.com/en-GB/players/865931/max-kilman
477,https://www.fotmob.com/en-GB/players/267371/emerson
478,https://www.fotmob.com/en-GB/players/524437/tomas-soucek
479,https://www.fotmob.com/en-GB/players/158545/michail-antonio
480,https://www.fotmob.com/en-GB/players/214426/danny-ings
481,https://www.fotmob.com/en-GB/players/586768/guido-rodriguez
482,https://www.fotmob.com/en-GB/players/523825/jarrod-bowen
483,https://www.fotmob.com/en-GB/players/155782/aaron-cresswell
484,https://www.fotmob.com/en-GB/players/1302814/kaelan-casey
485,https://www.fotmob.com/en-GB/players/1458757/luis-guilherme
486,https://www.fotmob.com/en-GB/players/863359/andy-irving
487,https://www.fotmob.com/en-GB/players/760320/aaron-wan-bissaka
488,https://www.fotmob.com/en-GB/players/295069/conor-townsend
489,https://www.fotmob.com/en-GB/players/914402/jack-clarke
490,https://www.fotmob.com/en-GB/players/605647/conor-chaplin
491,https://www.fotmob.com/en-GB/players/1107647/cieran-slicker
492,https://www.fotmob.com/en-GB/players/421768/wes-burns
493,https://www.fotmob.com/en-GB/players/512013/christian-walton
494,https://www.fotmob.com/en-GB/players/1073742/julio-enciso
495,https://www.fotmob.com/en-GB/players/770267/ben-johnson
496,https://www.fotmob.com/en-GB/players/609755/kalvin-phillips
497,https://www.fotmob.com/en-GB/players/491827/sammie-szmodics
498,https://www.fotmob.com/en-GB/players/760329/nathan-broadhead
499,https://www.fotmob.com/en-GB/players/1113903/liam-delap
500,https://www.fotmob.com/en-GB/players/305219/massimo-luongo
501,https://www.fotmob.com/en-GB/players/185326/sam-morsy
502,https://www.fotmob.com/en-GB/players/662936/ben-godfrey
503,https://www.fotmob.com/en-GB/players/980381/leif-davis
504,https://www.fotmob.com/en-GB/players/1089645/jaden-philogene-bidace
505,https://www.fotmob.com/en-GB/players/564842/cameron-burgess
506,https://www.fotmob.com/en-GB/players/1215652/omari-hutchinson
507,https://www.fotmob.com/en-GB/players/789578/dara-oshea
508,https://www.fotmob.com/en-GB/players/760752/arijanet-muric
509,https://www.fotmob.com/en-GB/players/674009/chiedozie-ogbene
510,https://www.fotmob.com/en-GB/players/750033/george-hirst
511,https://www.fotmob.com/en-GB/players/789507/jack-taylor
512,https://www.fotmob.com/en-GB/players/643228/alex-palmer
513,https://www.fotmob.com/en-GB/players/1079103/jacob-greaves
514,https://www.fotmob.com/en-GB/players/801120/jens-lys-cajuste
515,https://www.fotmob.com/en-GB/players/866688/luke-woolfenden
516,https://www.fotmob.com/en-GB/players/1322897/kieran-mckenna
517,https://www.fotmob.com/en-GB/players/690149/axel-tuanzebe
518,https://www.fotmob.com/en-GB/players/1469135/somto-boniface
519,https://www.fotmob.com/en-GB/players/967941/mads-hermansen
520,https://www.fotmob.com/en-GB/players/34602/ruud-van-nistelrooy
521,https://www.fotmob.com/en-GB/players/882401/boubakary-soumare
522,https://www.fotmob.com/en-GB/players/286119/jamie-vardy
523,https://www.fotmob.com/en-GB/players/254472/danny-ward
524,https://www.fotmob.com/en-GB/players/533228/wilfred-ndidi
525,https://www.fotmob.com/en-GB/players/1211437/victor-kristiansen
526,https://www.fotmob.com/en-GB/players/710158/james-justin
527,https://www.fotmob.com/en-GB/players/262550/bobby-reid
528,https://www.fotmob.com/en-GB/players/1074476/woyo-coulibaly
529,https://www.fotmob.com/en-GB/players/1340895/bilal-el-khannouss
530,https://www.fotmob.com/en-GB/players/1677188/jeremy-monga
531,https://www.fotmob.com/en-GB/players/1336566/facundo-buonanotte
532,https://www.fotmob.com/en-GB/players/1113915/kasey-mcateer
533,https://www.fotmob.com/en-GB/players/306128/ricardo-pereira
534,https://www.fotmob.com/en-GB/players/1398484/michael-golding
535,https://www.fotmob.com/en-GB/players/759580/stephy-mavididi
536,https://www.fotmob.com/en-GB/players/637746/odsonne-edouard
537,https://www.fotmob.com/en-GB/players/1096327/jakub-stolarczyk
538,https://www.fotmob.com/en-GB/players/1006676/memeh-caleb-okoli
539,https://www.fotmob.com/en-GB/players/873014/oliver-skipp
540,https://www.fotmob.com/en-GB/players/644459/patson-daka
541,https://www.fotmob.com/en-GB/players/671518/harry-souttar
542,https://www.fotmob.com/en-GB/players/528453/harry-winks
543,https://www.fotmob.com/en-GB/players/693678/wout-faes
544,https://www.fotmob.com/en-GB/players/617763/daniel-iversen
545,https://www.fotmob.com/en-GB/players/247761/conor-coady
546,https://www.fotmob.com/en-GB/players/916332/luke-thomas
547,https://www.fotmob.com/en-GB/players/1265626/abdul-fatawu
548,https://www.fotmob.com/en-GB/players/154280/jordan-ayew
549,https://www.fotmob.com/en-GB/players/205893/jannik-vestergaard
550,https://www.fotmob.com/en-GB/players/574448/joe-lumley
551,https://www.fotmob.com/en-GB/players/1133381/albert-gronbaek
552,https://www.fotmob.com/en-GB/players/951765/armel-bella-kotchap
553,https://www.fotmob.com/en-GB/players/289137/charlie-taylor
554,https://www.fotmob.com/en-GB/players/966021/taylor-harwood-bellis
555,https://www.fotmob.com/en-GB/players/230916/ryan-fraser
556,https://www.fotmob.com/en-GB/players/807925/william-smallbone
557,https://www.fotmob.com/en-GB/players/119079/alex-mccarthy
558,https://www.fotmob.com/en-GB/players/734042/kyle-walker-peters
559,https://www.fotmob.com/en-GB/players/412357/paul-onuachu
560,https://www.fotmob.com/en-GB/players/490868/jan-bednarek
561,https://www.fotmob.com/en-GB/players/1487907/joachim-kayi-sanda
562,https://www.fotmob.com/en-GB/players/746395/aaron-ramsdale
563,https://www.fotmob.com/en-GB/players/1086647/cameron-archer
564,https://www.fotmob.com/en-GB/players/1130691/kamaldeen-sulemana
565,https://www.fotmob.com/en-GB/players/924610/yukinari-sugawara
566,https://www.fotmob.com/en-GB/players/215387/jack-stephens
567,https://www.fotmob.com/en-GB/players/1356312/mateus-fernandes
568,https://www.fotmob.com/en-GB/players/953859/nathan-wood
569,https://www.fotmob.com/en-GB/players/1453338/jay-robinson
570,https://www.fotmob.com/en-GB/players/776159/ross-stewart
571,https://www.fotmob.com/en-GB/players/1118192/welington
572,https://www.fotmob.com/en-GB/players/844943/flynn-downes
573,https://www.fotmob.com/en-GB/players/37234/adam-lallana
574,https://www.fotmob.com/en-GB/players/1292833/tyler-dibling
575,https://www.fotmob.com/en-GB/players/1200631/lesley-ugochukwu
576,https://www.fotmob.com/en-GB/players/1580251/rento-takaoka
577,https://www.fotmob.com/en-GB/players/1195885/juan-larios
578,https://www.fotmob.com/en-GB/players/539939/james-bree
579,https://www.fotmob.com/en-GB/players/435513/ryan-manning
580,https://www.fotmob.com/en-GB/players/24034/simon-rusk
581,https://www.fotmob.com/en-GB/players/798659/joe-aribo
